<?xml version='1.0' encoding='UTF-8'?>
<?artifactRepository version='1.1.0'?>
<repository name='' type='org.eclipse.equinox.p2.artifact.repository.simpleRepository' version='1.0.0'>
  <properties size='2'>
    <property name='p2.timestamp' value='1474059541186'/>
    <property name='p2.compressed' value='false'/>
  </properties>
  <mappings size='3'>
    <rule filter='(&amp; (classifier=osgi.bundle))' output='${repoUrl}/plugins/${id}_${version}.jar'/>
    <rule filter='(&amp; (classifier=binary))' output='${repoUrl}/binary/${id}_${version}'/>
    <rule filter='(&amp; (classifier=org.eclipse.update.feature))' output='${repoUrl}/features/${id}_${version}.jar'/>
  </mappings>
  <artifacts size='4'>
    <artifact classifier='org.eclipse.update.feature' id='com.raytheon.uf.viz.dataplugin.nswrc.feature' version='1.0.0.2016091616'>
      <properties size='3'>
        <property name='artifact.size' value='4096'/>
        <property name='download.size' value='535'/>
        <property name='download.contentType' value='application/zip'/>
      </properties>
    </artifact>
    <artifact classifier='osgi.bundle' id='com.raytheon.uf.viz.localization' version='1.12.1174.2016091616'>
      <properties size='3'>
        <property name='artifact.size' value='14020'/>
        <property name='download.size' value='14020'/>
        <property name='download.md5' value='4c7fa0dcb8891d4b844606a816e97c61'/>
      </properties>
    </artifact>
    <artifact classifier='osgi.bundle' id='com.raytheon.uf.viz.dataplugin.nswrc' version='1.15.0.2016091616'>
      <properties size='3'>
        <property name='artifact.size' value='14868'/>
        <property name='download.size' value='14868'/>
        <property name='download.md5' value='a989c7257ef2ba175402e0d6f3e717fa'/>
      </properties>
    </artifact>
    <artifact classifier='osgi.bundle' id='com.raytheon.uf.common.dataplugin.nswrc' version='1.14.0.2016091616'>
      <properties size='3'>
        <property name='artifact.size' value='15481'/>
        <property name='download.size' value='15481'/>
        <property name='download.md5' value='599e9b3475a8c2bacde887ef4e8f1ed3'/>
      </properties>
    </artifact>
  </artifacts>
</repository>
