<?xml version='1.0' encoding='UTF-8'?>
<?metadataRepository version='1.1.0'?>
<repository name='' type='org.eclipse.equinox.internal.p2.metadata.repository.LocalMetadataRepository' version='1.0.0'>
  <properties size='2'>
    <property name='p2.timestamp' value='1474059541186'/>
    <property name='p2.compressed' value='false'/>
  </properties>
  <units size='5'>
    <unit id='com.raytheon.uf.viz.dataplugin.nswrc' version='1.15.0.2016091616'>
      <update id='com.raytheon.uf.viz.dataplugin.nswrc' range='[0.0.0,1.15.0.2016091616)' severity='0'/>
      <properties size='2'>
        <property name='org.eclipse.equinox.p2.name' value='Plug-in'/>
        <property name='org.eclipse.equinox.p2.provider' value='Raytheon'/>
      </properties>
      <provides size='4'>
        <provided namespace='org.eclipse.equinox.p2.iu' name='com.raytheon.uf.viz.dataplugin.nswrc' version='1.15.0.2016091616'/>
        <provided namespace='osgi.bundle' name='com.raytheon.uf.viz.dataplugin.nswrc' version='1.15.0.2016091616'/>
        <provided namespace='java.package' name='com.raytheon.uf.viz.dataplugin.nswrc' version='0.0.0'/>
        <provided namespace='org.eclipse.equinox.p2.eclipse.type' name='bundle' version='1.0.0'/>
      </provides>
      <requires size='12'>
        <required namespace='osgi.bundle' name='org.eclipse.ui' range='3.8.2'/>
        <required namespace='osgi.bundle' name='org.eclipse.core.runtime' range='3.8.0'/>
        <required namespace='osgi.bundle' name='com.raytheon.viz.core' range='1.12.1174'/>
        <required namespace='osgi.bundle' name='com.raytheon.uf.common.dataplugin.nswrc' range='1.0.0'/>
        <required namespace='osgi.bundle' name='com.raytheon.uf.common.serialization' range='0.0.0'/>
        <required namespace='osgi.bundle' name='com.raytheon.uf.common.colormap' range='1.12.1174'/>
        <required namespace='osgi.bundle' name='com.raytheon.uf.common.geospatial' range='1.12.1174'/>
        <required namespace='osgi.bundle' name='com.raytheon.uf.viz.productbrowser' range='1.12.1174'/>
        <required namespace='osgi.bundle' name='com.raytheon.viz.radar' range='1.15.0'/>
        <required namespace='java.package' name='com.raytheon.uf.common.style' range='0.0.0'/>
        <required namespace='java.package' name='com.raytheon.uf.common.style.image' range='0.0.0'/>
        <required namespace='java.package' name='com.raytheon.uf.common.style.level' range='0.0.0'/>
      </requires>
      <artifacts size='1'>
        <artifact classifier='osgi.bundle' id='com.raytheon.uf.viz.dataplugin.nswrc' version='1.15.0.2016091616'/>
      </artifacts>
      <touchpoint id='org.eclipse.equinox.p2.osgi' version='1.0.0'/>
      <touchpointData size='1'>
        <instructions size='1'>
          <instruction key='manifest'>
            Bundle-SymbolicName: com.raytheon.uf.viz.dataplugin.nswrc;singleton:=true&#xA;Bundle-Version: 1.15.0.2016091616
          </instruction>
        </instructions>
      </touchpointData>
    </unit>
    <unit id='com.raytheon.uf.common.dataplugin.nswrc' version='1.14.0.2016091616' singleton='false'>
      <update id='com.raytheon.uf.common.dataplugin.nswrc' range='[0.0.0,1.14.0.2016091616)' severity='0'/>
      <properties size='2'>
        <property name='org.eclipse.equinox.p2.name' value='NSWCR-Common'/>
        <property name='org.eclipse.equinox.p2.provider' value='RAYTHEON'/>
      </properties>
      <provides size='4'>
        <provided namespace='org.eclipse.equinox.p2.iu' name='com.raytheon.uf.common.dataplugin.nswrc' version='1.14.0.2016091616'/>
        <provided namespace='osgi.bundle' name='com.raytheon.uf.common.dataplugin.nswrc' version='1.14.0.2016091616'/>
        <provided namespace='java.package' name='com.raytheon.uf.common.dataplugin.nswrc' version='0.0.0'/>
        <provided namespace='org.eclipse.equinox.p2.eclipse.type' name='bundle' version='1.0.0'/>
      </provides>
      <requires size='11'>
        <required namespace='osgi.bundle' name='com.raytheon.uf.common.serialization' range='1.12.1174'/>
        <required namespace='osgi.bundle' name='com.raytheon.uf.common.dataplugin' range='1.12.1174'/>
        <required namespace='osgi.bundle' name='javax.persistence' range='1.0.0'/>
        <required namespace='osgi.bundle' name='com.raytheon.uf.common.geospatial' range='1.12.1174'/>
        <required namespace='osgi.bundle' name='org.geotools' range='2.6.4'/>
        <required namespace='osgi.bundle' name='javax.measure' range='1.0.0'/>
        <required namespace='osgi.bundle' name='com.raytheon.uf.edex.database' range='1.0.0'/>
        <required namespace='osgi.bundle' name='com.raytheon.uf.common.datastorage' range='1.12.1174'/>
        <required namespace='osgi.bundle' name='org.springframework' range='2.5.6'/>
        <required namespace='osgi.bundle' name='com.raytheon.uf.common.time' range='1.12.1174'/>
        <required namespace='osgi.bundle' name='org.hibernate' range='1.0.0'/>
      </requires>
      <artifacts size='1'>
        <artifact classifier='osgi.bundle' id='com.raytheon.uf.common.dataplugin.nswrc' version='1.14.0.2016091616'/>
      </artifacts>
      <touchpoint id='org.eclipse.equinox.p2.osgi' version='1.0.0'/>
      <touchpointData size='1'>
        <instructions size='1'>
          <instruction key='manifest'>
            Bundle-SymbolicName: com.raytheon.uf.common.dataplugin.nswrc&#xA;Bundle-Version: 1.14.0.2016091616
          </instruction>
        </instructions>
      </touchpointData>
    </unit>
    <unit id='com.raytheon.uf.viz.dataplugin.nswrc.feature.feature.group' version='1.0.0.2016091616' singleton='false'>
      <update id='com.raytheon.uf.viz.dataplugin.nswrc.feature.feature.group' range='[0.0.0,1.0.0.2016091616)' severity='0'/>
      <properties size='5'>
        <property name='org.eclipse.equinox.p2.name' value='Feature'/>
        <property name='org.eclipse.equinox.p2.description' value='[Enter Feature Description here.]'/>
        <property name='org.eclipse.equinox.p2.description.url' value='http://www.example.com/description'/>
        <property name='org.eclipse.equinox.p2.provider' value='RAYTHEON'/>
        <property name='org.eclipse.equinox.p2.type.group' value='true'/>
      </properties>
      <provides size='1'>
        <provided namespace='org.eclipse.equinox.p2.iu' name='com.raytheon.uf.viz.dataplugin.nswrc.feature.feature.group' version='1.0.0.2016091616'/>
      </provides>
      <requires size='7'>
        <required namespace='org.eclipse.equinox.p2.iu' name='com.raytheon.uf.viz.cots.feature.feature.group' range='0.0.0'/>
        <required namespace='org.eclipse.equinox.p2.iu' name='com.raytheon.uf.viz.common.core.feature.feature.group' range='0.0.0'/>
        <required namespace='org.eclipse.equinox.p2.iu' name='com.raytheon.viz.radar.feature.feature.group' range='0.0.0'/>
        <required namespace='org.eclipse.equinox.p2.iu' name='com.raytheon.uf.viz.localization' range='[1.12.1174.2016091616,1.12.1174.2016091616]'/>
        <required namespace='org.eclipse.equinox.p2.iu' name='com.raytheon.uf.common.dataplugin.nswrc' range='[1.14.0.2016091616,1.14.0.2016091616]'/>
        <required namespace='org.eclipse.equinox.p2.iu' name='com.raytheon.uf.viz.dataplugin.nswrc' range='[1.15.0.2016091616,1.15.0.2016091616]'/>
        <required namespace='org.eclipse.equinox.p2.iu' name='com.raytheon.uf.viz.dataplugin.nswrc.feature.feature.jar' range='[1.0.0.2016091616,1.0.0.2016091616]'>
          <filter>
            (org.eclipse.update.install.features=true)
          </filter>
        </required>
      </requires>
      <touchpoint id='null' version='0.0.0'/>
      <licenses size='1'>
        <license uri='http://www.example.com/license' url='http://www.example.com/license'>
          [Enter License Description here.]
        </license>
      </licenses>
      <copyright uri='http://www.example.com/copyright' url='http://www.example.com/copyright'>
        [Enter Copyright Description here.]
      </copyright>
    </unit>
    <unit id='com.raytheon.uf.viz.dataplugin.nswrc.feature.feature.jar' version='1.0.0.2016091616'>
      <properties size='4'>
        <property name='org.eclipse.equinox.p2.name' value='Feature'/>
        <property name='org.eclipse.equinox.p2.description' value='[Enter Feature Description here.]'/>
        <property name='org.eclipse.equinox.p2.description.url' value='http://www.example.com/description'/>
        <property name='org.eclipse.equinox.p2.provider' value='RAYTHEON'/>
      </properties>
      <provides size='3'>
        <provided namespace='org.eclipse.equinox.p2.iu' name='com.raytheon.uf.viz.dataplugin.nswrc.feature.feature.jar' version='1.0.0.2016091616'/>
        <provided namespace='org.eclipse.equinox.p2.eclipse.type' name='feature' version='1.0.0'/>
        <provided namespace='org.eclipse.update.feature' name='com.raytheon.uf.viz.dataplugin.nswrc.feature' version='1.0.0.2016091616'/>
      </provides>
      <filter>
        (org.eclipse.update.install.features=true)
      </filter>
      <artifacts size='1'>
        <artifact classifier='org.eclipse.update.feature' id='com.raytheon.uf.viz.dataplugin.nswrc.feature' version='1.0.0.2016091616'/>
      </artifacts>
      <touchpoint id='org.eclipse.equinox.p2.osgi' version='1.0.0'/>
      <touchpointData size='1'>
        <instructions size='1'>
          <instruction key='zipped'>
            true
          </instruction>
        </instructions>
      </touchpointData>
      <licenses size='1'>
        <license uri='http://www.example.com/license' url='http://www.example.com/license'>
          [Enter License Description here.]
        </license>
      </licenses>
      <copyright uri='http://www.example.com/copyright' url='http://www.example.com/copyright'>
        [Enter Copyright Description here.]
      </copyright>
    </unit>
    <unit id='com.raytheon.uf.viz.localization' version='1.12.1174.2016091616'>
      <update id='com.raytheon.uf.viz.localization' range='[0.0.0,1.12.1174.2016091616)' severity='0'/>
      <properties size='2'>
        <property name='org.eclipse.equinox.p2.name' value='Localization Plug-in'/>
        <property name='org.eclipse.equinox.p2.provider' value='Raytheon'/>
      </properties>
      <provides size='7'>
        <provided namespace='org.eclipse.equinox.p2.iu' name='com.raytheon.uf.viz.localization' version='1.12.1174.2016091616'/>
        <provided namespace='osgi.bundle' name='com.raytheon.uf.viz.localization' version='1.12.1174.2016091616'/>
        <provided namespace='java.package' name='com.raytheon.uf.viz.localization' version='0.0.0'/>
        <provided namespace='java.package' name='com.raytheon.uf.viz.localization.adapter' version='0.0.0'/>
        <provided namespace='java.package' name='com.raytheon.uf.viz.localization.filetreeview' version='0.0.0'/>
        <provided namespace='java.package' name='com.raytheon.uf.viz.localization.service' version='0.0.0'/>
        <provided namespace='org.eclipse.equinox.p2.eclipse.type' name='bundle' version='1.0.0'/>
      </provides>
      <requires size='7'>
        <required namespace='osgi.bundle' name='org.eclipse.core.runtime' range='3.6.0'/>
        <required namespace='osgi.bundle' name='org.eclipse.ui' range='3.6.1'/>
        <required namespace='osgi.bundle' name='com.raytheon.uf.viz.core' range='1.12.1174'/>
        <required namespace='osgi.bundle' name='com.raytheon.viz.ui' range='1.12.1174'/>
        <required namespace='osgi.bundle' name='org.eclipse.core.resources' range='3.6.0'/>
        <required namespace='osgi.bundle' name='org.eclipse.ui.workbench.texteditor' range='3.6.1'/>
        <required namespace='osgi.bundle' name='org.eclipse.team.core' range='3.5.100'/>
      </requires>
      <artifacts size='1'>
        <artifact classifier='osgi.bundle' id='com.raytheon.uf.viz.localization' version='1.12.1174.2016091616'/>
      </artifacts>
      <touchpoint id='org.eclipse.equinox.p2.osgi' version='1.0.0'/>
      <touchpointData size='1'>
        <instructions size='1'>
          <instruction key='manifest'>
            Bundle-SymbolicName: com.raytheon.uf.viz.localization;singleton:=true&#xA;Bundle-Version: 1.12.1174.2016091616
          </instruction>
        </instructions>
      </touchpointData>
    </unit>
  </units>
</repository>
